Trung,11/04/1993,2.01615558E8,1.223450089E9,Trung@gmail.com,NV-0001,Collage,Reception,1.0E7
trung,123123,2.0154545E7,9.8129549348E10,trung123@gmail.com,NV-0002,College,Staff,1.5E7
